0,0.999138,420,202,420,202
1,0.999185,420,202,420.001,201.999
2,0.996867,420,202,420.002,202
3,0.996761,420,202,420.005,201.996
4,0.996985,420,202,420.003,201.996
5,0.99696,420,202,420.012,201.982
6,0.996997,420,202,420.003,201.99
7,0.996964,420,202,420.001,202.006
8,0.996977,420,202,420.014,201.998
9,0.997122,420,202,420.013,201.996
10,0.996879,420,202,420.025,201.995
11,0.996984,420,202,420.014,201.993
12,0.99702,420,202,419.987,201.991
13,0.996902,420,202,419.991,202
14,0.996821,420,202,420.013,201.99
15,0.997012,420,202,420.019,201.985
16,0.996668,420,202,420.019,201.975
17,0.996023,420,202,420.024,201.963
18,0.995871,419,202,419.863,201.961
19,0.995694,419,202,419.543,201.954
20,0.994809,419,202,419.414,201.966
21,0.994782,418,202,419.131,201.981
22,0.994272,417,202,418.529,202.011
23,0.993828,417,202,418.02,202.026
24,0.993406,416,202,417.563,202.042
25,0.993398,416,202,416.977,202.03
26,0.993137,415,202,416.442,202.014
27,0.992896,415,202,415.825,202.011
28,0.992507,414,202,415.285,202.015
29,0.992208,414,202,414.653,201.986
30,0.991344,414,202,414.247,201.995
31,0.990916,413,202,413.739,201.999
32,0.990055,413,202,413.147,202.014
33,0.989468,411,203,412.47,202.187
34,0.989188,410,203,411.343,202.512
35,0.989266,410,203,410.519,202.64
36,0.98872,409,203,409.842,202.718
37,0.988858,409,203,409.075,202.817
38,0.988386,408,203,408.441,202.914
39,0.988187,408,203,407.71,202.995
40,0.988084,407,203,407.116,203.036
41,0.987505,407,203,406.465,203.089
42,0.987164,406,203,405.9,203.127
43,0.986656,406,203,405.27,203.149
44,0.986447,405,203,404.762,203.162
45,0.985708,405,203,404.177,203.18
46,0.984933,404,203,403.679,203.197
47,0.984707,403,203,402.89,203.21
48,0.983812,403,203,402.263,203.204
49,0.984237,401,204,401.545,203.373
50,0.983788,401,204,400.611,203.697
51,0.983939,400,204,399.988,203.801
52,0.983548,400,204,399.29,203.89
53,0.983422,399,204,398.708,203.989
54,0.982899,398,204,397.902,204.057
55,0.9828,398,204,397.223,204.125
56,0.982629,397,204,396.646,204.17
57,0.98242,397,204,395.995,204.194
58,0.982064,396,204,395.479,204.211
59,0.981676,395,204,394.722,204.243
60,0.981539,395,204,394.064,204.246
61,0.981079,394,204,393.519,204.238
62,0.981005,394,204,392.915,204.274
63,0.980644,393,204,392.403,204.256
64,0.980559,392,204,391.63,204.268
65,0.980501,391,205,390.831,204.442
66,0.980113,391,205,390.125,204.756
67,0.979813,390,205,389.57,204.845
68,0.979094,390,205,388.921,204.95
69,0.979462,389,205,388.392,205.025
70,0.979436,388,205,387.619,205.086
71,0.979242,388,205,386.967,205.166
72,0.979317,387,205,386.415,205.203
73,0.978689,386,205,385.66,205.212
74,0.978875,385,205,384.845,205.233
75,0.978564,385,205,384.138,205.248
76,0.97833,384,205,383.559,205.252
77,0.978165,384,205,382.915,205.274
78,0.977658,383,205,382.394,205.278
79,0.977431,383,205,381.811,205.271
80,0.97753,382,205,381.304,205.278
81,0.976824,381,205,380.543,205.268
82,0.976738,381,205,379.935,205.238
83,0.97698,380,205,379.416,205.214
84,0.976476,379,206,378.653,205.365
85,0.976543,379,206,378.005,205.675
86,0.976134,378,206,377.482,205.808
87,0.97616,378,206,376.877,205.89
88,0.97612,377,206,376.377,205.972
89,0.975814,376,206,375.644,206.028
90,0.975402,376,206,375.005,206.058
91,0.97522,375,206,374.482,206.109
92,0.974809,374,206,373.704,206.145
93,0.975047,374,206,373.029,206.176
94,0.974689,373,206,372.491,206.202
95,0.974947,372,206,371.694,206.2
96,0.974173,372,206,371.064,206.186
97,0.974269,371,206,370.524,206.203
98,0.973668,371,206,369.919,206.229
99,0.973679,370,206,369.408,206.225
100,0.972905,369,206,368.652,206.202
101,0.973001,369,206,368.011,206.184
102,0.972872,368,206,367.481,206.18
103,0.972733,367,206,366.706,206.169
104,0.97284,367,206,366.045,206.164
105,0.972103,366,206,365.518,206.159
106,0.972057,366,206,364.9,206.139
107,0.971239,365,206,364.375,206.129
108,0.970786,364,206,363.612,206.103
109,0.971442,364,206,362.979,206.085
110,0.971746,363,206,362.464,206.07
111,0.971211,362,206,361.702,206.064
112,0.970904,361,206,360.89,206.064
113,0.970947,361,206,360.177,206.054
114,0.970702,360,207,359.631,206.206
115,0.970277,360,207,359.008,206.521
116,0.970473,359,207,358.469,206.65
117,0.970371,358,207,357.699,206.743
118,0.970087,358,207,357.05,206.807
119,0.969759,357,207,356.496,206.906
120,0.969852,356,207,355.733,206.96
121,0.969777,356,207,355.076,207.002
122,0.969244,355,207,354.531,207.059
123,0.969452,354,207,353.733,207.098
124,0.968775,354,207,353.048,207.125
125,0.968845,353,207,352.474,207.119
126,0.969008,352,207,351.663,207.126
127,0.969009,352,207,351.01,207.16
128,0.968922,352,207,350.646,207.181
129,0.969178,351,207,350.195,207.189
130,0.968451,350,207,349.491,207.18
131,0.968917,350,207,348.882,207.191
132,0.968188,348,208,348.212,207.355
133,0.968365,348,208,347.318,207.664
134,0.967946,347,208,346.725,207.78
135,0.967709,347,208,346.079,207.878
136,0.967711,346,208,345.545,207.967
137,0.967762,345,208,344.747,208.031
138,0.967244,345,208,344.066,208.091
139,0.967047,344,208,343.514,208.14
140,0.967466,344,208,342.885,208.144
141,0.966896,343,208,342.359,208.173
142,0.966066,343,208,341.762,208.218
143,0.966422,342,208,341.269,208.244
144,0.966403,341,208,340.547,208.248
145,0.96608,340,208,339.761,208.236
146,0.966504,340,208,339.109,208.229
147,0.966052,339,208,338.563,208.208
148,0.966317,340,208,338.099,208.201
149,0.966222,340,208,338.071,208.188
150,0.966205,340,208,337.944,208.187
151,0.966431,341,208,338.035,208.187
152,0.966292,341,208,338.351,208.182
153,0.966179,342,208,338.642,208.172
154,0.966361,342,208,339.137,208.162
155,0.966125,342,208,339.434,208.137
156,0.966662,343,208,339.88,208.118
157,0.966822,343,208,340.459,208.092
158,0.967,344,208,341.021,208.071
159,0.967626,344,209,341.689,208.229
160,0.967576,344,209,342.124,208.536
161,0.967624,344,209,342.532,208.64
162,0.967724,345,209,343.047,208.735
163,0.968356,345,209,343.701,208.835
164,0.968264,345,209,344.091,208.895
165,0.96807,346,209,344.596,208.955
166,0.968147,346,209,345.209,209.017
167,0.968598,346,209,345.595,209.056
168,0.968361,347,209,346.081,209.084
169,0.968382,347,209,346.674,209.111
170,0.968738,348,209,347.199,209.116
171,0.968077,348,209,347.811,209.139
172,0.968364,348,209,348.161,209.172
173,0.969042,349,209,348.619,209.173
174,0.969026,349,209,349.195,209.196
175,0.968591,350,209,349.673,209.208
176,0.96921,350,209,350.235,209.199
177,0.968776,351,209,350.736,209.189
178,0.968881,351,209,351.307,209.182
179,0.96876,352,209,351.798,209.189
180,0.968877,352,209,352.365,209.18
181,0.969415,353,209,352.841,209.154
182,0.968791,353,209,353.413,209.132
183,0.96964,354,209,353.914,209.123
184,0.969884,354,209,354.499,209.125
185,0.969498,355,209,354.985,209.107
186,0.969582,355,209,355.544,209.117
187,0.970095,356,209,356.03,209.094
188,0.970015,356,209,356.593,209.122
189,0.970538,357,209,357.103,209.105
190,0.970277,358,209,357.834,209.081
191,0.97065,359,209,358.654,209.068
192,0.970587,359,209,359.344,209.057
193,0.970829,360,208,359.926,208.883
194,0.971095,361,209,360.738,208.708
195,0.97105,361,208,361.469,208.748
196,0.971254,362,209,362.053,208.592
197,0.971021,362,208,362.716,208.639
198,0.971231,364,208,363.435,208.339
199,0.971964,364,208,364.388,208.229
200,0.972034,365,208,365.033,208.149
201,0.972284,366,208,365.899,208.075
202,0.972436,367,208,366.806,208.01
203,0.973074,367,208,367.588,207.973
204,0.972926,368,208,368.236,207.933
205,0.973228,368,208,368.936,207.923
206,0.973416,369,208,369.53,207.909
207,0.973488,370,208,370.34,207.86
208,0.973742,370,208,371.032,207.851
209,0.973736,371,208,371.622,207.837
210,0.97406,372,208,372.438,207.796
211,0.974191,372,208,373.125,207.79
212,0.97485,373,208,373.716,207.784
213,0.974729,373,208,374.326,207.778
214,0.975152,374,208,374.832,207.797
215,0.975007,375,208,375.592,207.791
216,0.975209,376,208,376.398,207.799
217,0.975381,376,208,377.081,207.813
218,0.975738,377,208,377.625,207.833
219,0.975732,377,208,378.256,207.848
220,0.975981,378,208,378.769,207.837
221,0.976032,379,208,379.512,207.833
222,0.976247,379,208,380.134,207.841
223,0.976385,380,208,380.65,207.865
224,0.976798,381,207,381.42,207.683
225,0.976867,382,207,382.243,207.374
226,0.97745,383,207,383.114,207.259
227,0.977486,383,207,383.824,207.191
228,0.977494,384,207,384.441,207.109
229,0.977997,384,207,385.102,207.036
230,0.978132,385,207,385.652,206.996
231,0.978175,386,207,386.417,206.957
232,0.978747,387,207,387.256,206.917
233,0.978457,388,207,388.132,206.899
234,0.978671,388,207,388.877,206.872
235,0.97939,389,207,389.474,206.854
236,0.979294,390,207,390.322,206.821
237,0.979541,390,207,391.027,206.814
238,0.97961,391,207,391.606,206.798
239,0.979888,391,207,392.236,206.803
240,0.979934,392,207,392.771,206.825
241,0.980051,392,207,393.385,206.839
242,0.980274,393,206,393.874,206.662
243,0.980523,394,206,394.624,206.346
244,0.98112,395,206,395.43,206.199
245,0.981259,396,206,396.271,206.116
246,0.982025,396,206,396.985,206.014
247,0.982199,397,206,397.579,205.942
248,0.982433,398,206,398.389,205.879
249,0.982718,398,206,399.076,205.848
250,0.982915,399,206,399.645,205.81
251,0.983138,400,206,400.454,205.798
252,0.983936,400,206,401.123,205.788
253,0.98395,401,206,401.695,205.78
254,0.984019,401,206,402.313,205.76
255,0.984487,402,206,402.811,205.764
256,0.984517,403,206,403.566,205.792
257,0.984811,403,206,404.182,205.798
258,0.985249,405,205,404.844,205.629
259,0.985731,405,205,405.761,205.316
260,0.986549,406,205,406.353,205.2
261,0.986715,407,205,407.219,205.094
262,0.987681,407,205,407.924,204.993
263,0.987717,408,205,408.516,204.924
264,0.988493,408,205,409.179,204.861
265,0.988459,409,205,409.718,204.817
266,0.988881,409,205,410.324,204.791
267,0.989464,410,205,410.799,204.777
268,0.989701,411,205,411.507,204.754
269,0.989735,411,205,412.169,204.758
270,0.990238,412,205,412.688,204.788
271,0.990317,412,205,413.266,204.775
272,0.990895,414,204,413.928,204.601
273,0.991171,414,204,414.799,204.287
274,0.991938,415,204,415.364,204.182
275,0.992569,415,204,416.022,204.076
276,0.992699,416,204,416.555,203.998
277,0.993034,416,204,417.16,203.944
278,0.993414,417,204,417.656,203.9
279,0.993504,417,204,418.222,203.866
280,0.993699,417,204,418.486,203.808
281,0.993355,417,204,418.705,203.761
282,0.99339,416,204,418.68,203.752
283,0.993581,416,204,418.463,203.742
284,0.992984,416,204,418.414,203.741
285,0.993163,415,204,418.154,203.735
286,0.993439,415,204,417.706,203.75
287,0.992863,415,204,417.442,203.769
288,0.992285,414,204,417.031,203.784
289,0.992422,414,204,416.457,203.764
290,0.992242,414,204,416.118,203.79
291,0.991785,413,204,415.608,203.809
292,0.99125,413,204,414.976,203.829
293,0.991042,412,204,414.397,203.838
294,0.990741,412,204,413.703,203.852
295,0.990215,412,204,413.258,203.863
296,0.989706,411,204,412.728,203.886
297,0.989708,411,204,412.07,203.919
298,0.988898,410,204,411.485,203.932
299,0.988918,410,204,410.809,203.94
300,0.988398,409,204,410.22,203.957
301,0.988134,409,204,409.517,203.945
302,0.987978,408,204,408.939,203.964
303,0.987725,408,204,408.273,203.971
304,0.987517,408,204,407.879,203.975
305,0.987297,407,204,407.388,203.981
306,0.98736,407,204,406.791,204.001
307,0.987097,406,204,406.291,203.991
308,0.986615,406,204,405.703,204.004
309,0.986467,405,204,405.19,204.012
310,0.986101,405,204,404.598,203.996
311,0.985807,404,204,404.109,203.999
312,0.98539,403,204,403.34,203.993
313,0.984999,403,204,402.682,203.973
314,0.984833,402,204,402.14,203.976
315,0.984054,401,204,401.35,203.978
316,0.983958,401,204,400.657,203.956
317,0.9838,400,204,400.062,203.938
318,0.983447,400,204,399.396,203.947
319,0.98279,399,204,398.847,203.951
320,0.982573,398,205,398.059,204.126
321,0.982586,397,205,397.209,204.468
322,0.982175,396,205,396.335,204.593
323,0.982191,396,205,395.556,204.709
324,0.982255,395,205,394.914,204.827
325,0.981812,395,205,394.227,204.878
326,0.981577,394,205,393.639,204.944
327,0.98129,394,205,393.001,204.998
328,0.981088,393,205,392.476,205.059
329,0.981456,392,205,391.707,205.114
330,0.980894,392,205,391.038,205.153
331,0.980676,391,205,390.501,205.185
332,0.980375,390,205,389.718,205.197
333,0.980237,390,205,389.063,205.213
334,0.980302,389,205,388.5,205.23
335,0.979708,388,205,387.707,205.233
336,0.97953,387,205,386.87,205.204
337,0.979327,387,205,386.162,205.218
338,0.978848,386,205,385.556,205.215
339,0.97915,385,205,384.733,205.217
340,0.978662,385,205,384.035,205.204
341,0.978737,384,206,383.454,205.35
342,0.978498,384,206,382.811,205.655
343,0.977824,383,205,382.258,205.6
344,0.977806,383,206,381.686,205.533
345,0.977558,382,206,381.214,205.818
346,0.977569,381,206,380.486,205.914
347,0.977468,380,206,379.718,205.994
348,0.977043,380,206,379.058,206.041
349,0.977266,379,206,378.487,206.078
350,0.976725,378,206,377.699,206.102
351,0.97649,378,206,377.022,206.158
352,0.976376,377,206,376.482,206.174
353,0.976128,377,206,375.836,206.174
354,0.975665,376,206,375.305,206.194
355,0.975536,375,206,374.556,206.196
356,0.975767,375,206,373.931,206.217
357,0.975555,374,206,373.41,206.214
358,0.975695,373,206,372.657,206.21
359,0.975152,373,206,371.998,206.192
360,0.974893,372,206,371.462,206.195
361,0.974506,371,206,370.661,206.178
362,0.974566,371,206,370.015,206.185
363,0.974135,370,206,369.47,206.158
364,0.973683,370,206,368.85,206.143
365,0.974114,369,206,368.348,206.13
366,0.973419,369,206,367.778,206.111
367,0.973282,368,206,367.297,206.082
368,0.973203,367,206,366.588,206.071
369,0.973042,367,206,365.976,206.057
370,0.97257,366,206,365.469,206.051
371,0.972728,365,207,364.726,206.202
372,0.972065,365,206,364.087,206.349
373,0.972491,364,206,363.552,206.138
374,0.972526,363,207,362.767,206.281
375,0.972197,363,206,362.119,206.42
376,0.971691,362,206,361.549,206.228
377,0.971761,361,206,360.755,206.203
378,0.971424,361,206,360.089,206.195
379,0.971414,360,207,359.528,206.333
380,0.971516,359,207,358.733,206.638
381,0.971467,359,206,358.077,206.56
382,0.97105,358,207,357.515,206.504
383,0.970736,358,207,356.894,206.778
384,0.970176,357,207,356.388,206.858
385,0.970165,356,207,355.622,206.938
386,0.969711,356,207,354.991,207.002
387,0.970233,355,207,354.452,207.063
388,0.96952,354,207,353.655,207.084
389,0.969286,354,207,353.018,207.105
390,0.969836,354,207,352.652,207.12
391,0.969487,353,207,352.195,207.128
392,0.969141,352,207,351.503,207.127
393,0.968992,351,207,350.743,207.138
394,0.969155,351,207,350.098,207.142
395,0.968844,350,207,349.556,207.137
396,0.968677,350,207,348.97,207.153
397,0.969026,349,207,348.46,207.165
398,0.968366,348,207,347.717,207.163
399,0.968098,348,207,347.069,207.148
400,0.967653,347,208,346.544,207.315
401,0.967601,346,208,345.771,207.604
402,0.967925,346,207,345.112,207.544
403,0.967852,345,207,344.552,207.304
404,0.967583,345,207,343.95,207.267
405,0.967342,344,208,343.449,207.408
406,0.966989,344,207,342.869,207.548
407,0.966782,343,208,342.387,207.474
408,0.966213,342,207,341.676,207.581
409,0.966558,342,208,341.048,207.524
410,0.966257,341,207,340.531,207.615
411,0.966209,341,208,339.949,207.559
412,0.966648,341,208,339.648,207.817
413,0.966925,342,208,339.588,207.886
414,0.966949,342,208,339.749,207.932
415,0.967113,342,208,339.761,207.987
416,0.967411,343,208,339.971,208.04
417,0.967437,343,208,340.367,208.087
418,0.967192,344,208,340.778,208.124
419,0.967322,344,208,341.327,208.157
420,0.967993,344,208,341.669,208.158
421,0.968006,345,208,342.166,208.156
422,0.96785,345,208,342.793,208.173
423,0.968103,345,208,343.181,208.168
424,0.968186,346,208,343.705,208.153
425,0.968416,346,209,344.356,208.332
426,0.969056,346,209,344.752,208.659
427,0.96849,347,208,345.297,208.599
428,0.968679,346,209,345.781,208.536
429,0.96879,347,209,346.013,208.835
430,0.968998,347,209,346.54,208.913
431,0.969172,348,209,346.992,208.975
432,0.968919,348,209,347.578,209.045
433,0.969581,348,209,347.902,209.101
434,0.969467,349,209,348.346,209.117
435,0.969541,349,209,348.869,209.156
436,0.969664,350,209,349.358,209.168
437,0.969864,350,209,349.918,209.208
438,0.969438,350,209,350.239,209.208
439,0.970097,351,209,350.651,209.202
440,0.970128,352,209,351.352,209.202
441,0.969845,352,209,351.958,209.189
442,0.970006,352,209,352.306,209.212
443,0.970401,353,209,352.775,209.198
444,0.970138,353,209,353.304,209.197
445,0.970388,353,209,353.606,209.185
446,0.970376,354,209,354.023,209.171
447,0.970537,354,209,354.545,209.163
448,0.970725,355,209,355.005,209.145
449,0.970547,355,209,355.528,209.133
450,0.970498,355,209,355.785,209.131
451,0.970552,355,209,356.011,209.116
452,0.970721,356,209,356.342,209.099
453,0.970893,357,209,356.937,209.081
454,0.970643,357,209,357.474,209.069
455,0.971219,358,209,357.919,209.055
456,0.9714,359,209,358.642,209.051
457,0.971278,359,209,359.248,209.042
458,0.971683,360,209,359.769,209.034
459,0.971267,360,209,360.399,209.043
460,0.971198,361,209,360.896,209.028
461,0.971532,361,209,361.509,209.015
462,0.971476,362,209,362.001,209.01
463,0.971436,362,209,362.592,209.004
464,0.971744,363,209,363.093,208.976
465,0.971845,363,209,363.661,208.986
466,0.971919,364,209,364.158,208.985
467,0.972482,365,209,364.897,209.003
468,0.972734,365,209,365.516,208.994
469,0.973045,366,209,366.039,208.994
470,0.973038,366,209,366.666,208.995
471,0.973174,367,209,367.181,209
472,0.973667,368,209,367.944,209.002
473,0.973889,368,209,368.58,209.009
474,0.973575,369,209,369.148,208.982
475,0.973655,369,209,369.783,208.98
476,0.973977,370,209,370.269,208.983
477,0.974079,370,209,370.868,209.006
478,0.974328,371,209,371.361,209.012
479,0.974461,371,209,371.946,209.01
480,0.974558,372,209,372.424,209.014
481,0.974849,373,209,373.162,209.044
482,0.974717,374,208,373.968,208.858
483,0.975335,374,208,374.633,208.54
484,0.975097,375,208,375.183,208.403
485,0.975518,375,209,375.824,208.466
486,0.975803,377,208,376.54,208.54
487,0.97537,377,208,377.458,208.25
488,0.975841,378,208,378.068,208.156
489,0.976163,378,208,378.729,208.077
490,0.976211,379,208,379.308,208.013
491,0.976325,380,208,380.126,207.976
492,0.976143,380,208,380.797,207.949
493,0.976437,381,208,381.391,207.915
494,0.977272,382,208,382.195,207.888
495,0.977077,382,208,382.881,207.873
496,0.977324,383,208,383.467,207.848
497,0.977557,384,208,384.275,207.847
498,0.9781,385,208,385.13,207.837
499,0.977974,386,208,386.033,207.846
500,0.978096,386,208,386.8,207.855
501,0.978072,387,208,387.414,207.859
502,0.978533,388,207,388.274,207.691
503,0.978943,389,207,389.176,207.375
504,0.979027,390,207,390.105,207.262
505,0.979575,390,207,390.885,207.155
506,0.979932,391,207,391.538,207.061
507,0.979787,391,207,392.238,206.983
508,0.979901,392,207,392.816,206.929
509,0.980326,393,207,393.606,206.895
510,0.980594,393,207,394.259,206.847
511,0.980581,394,207,394.815,206.815
512,0.981173,395,207,395.582,206.77
513,0.981172,395,207,396.256,206.78
514,0.981415,396,207,396.782,206.775
515,0.982002,397,207,397.583,206.752
516,0.981942,397,207,398.242,206.752
517,0.981833,398,207,398.76,206.768
518,0.98222,399,206,399.576,206.614
519,0.982489,400,206,400.392,206.312
520,0.982861,401,206,401.256,206.201
521,0.983491,402,206,402.166,206.09
522,0.984309,402,206,402.901,206.007
523,0.98474,403,206,403.536,205.964
524,0.984624,403,206,404.221,205.912
525,0.985347,404,206,404.783,205.868
526,0.985877,405,206,405.593,205.852
527,0.986186,405,206,406.261,205.824
528,0.986695,406,206,406.819,205.794
529,0.987069,407,206,407.602,205.787
530,0.987649,407,206,408.247,205.784
531,0.987603,408,206,408.767,205.782
532,0.987896,408,206,409.359,205.784
533,0.987915,409,206,409.871,205.786
534,0.988244,410,205,410.625,205.619
535,0.988511,411,205,411.427,205.318
536,0.989468,412,205,412.293,205.202
537,0.99007,412,205,413.015,205.093
538,0.990666,413,205,413.587,205.014
539,0.991134,413,205,414.222,204.946
540,0.991813,414,205,414.76,204.886
541,0.992385,414,205,415.368,204.829
542,0.992454,415,205,415.845,204.777
543,0.992383,415,205,416.406,204.749
544,0.992386,414,205,416.533,204.743
545,0.992271,414,205,416.431,204.731
546,0.991935,414,205,416.438,204.72
547,0.991949,413,205,416.238,204.729
548,0.991221,413,205,415.833,204.716
549,0.991079,413,205,415.627,204.744
550,0.990695,414,204,415.586,204.563
551,0.990547,413,204,415.55,204.247
552,0.990797,413,204,415.113,204.147
553,0.989556,413,204,414.909,204.047
554,0.990168,412,204,414.522,203.96
555,0.989749,412,204,413.984,203.909
556,0.989863,411,204,413.479,203.881
557,0.989289,411,204,412.858,203.814
558,0.989048,410,204,412.285,203.811
559,0.989025,410,204,411.621,203.799
560,0.988782,409,204,411.042,203.758
561,0.988649,409,204,410.329,203.739
562,0.988675,409,204,409.892,203.728
563,0.988227,408,204,409.326,203.729
564,0.987715,408,204,408.671,203.726
565,0.987646,407,204,408.097,203.751
566,0.987653,407,204,407.447,203.791
567,0.98746,407,204,407.036,203.805
568,0.987208,406,204,406.51,203.825
569,0.98698,406,204,405.924,203.834
570,0.986619,406,204,405.567,203.855
571,0.986601,405,204,405.155,203.853
572,0.986322,405,204,404.614,203.856
573,0.98595,404,204,404.167,203.865
574,0.985515,404,204,403.612,203.874
575,0.985509,403,204,403.148,203.918
576,0.98479,403,204,402.584,203.922
577,0.984942,402,204,402.122,203.925
578,0.98458,402,204,401.559,203.922
579,0.984464,402,204,401.255,203.94
580,0.983989,401,204,400.828,203.939
581,0.983871,401,204,400.32,203.943
582,0.983232,400,204,399.899,203.964
583,0.983589,400,204,399.375,203.963
584,0.983221,399,204,398.944,203.954
585,0.982804,398,204,398.239,203.952
586,0.982821,398,204,397.64,203.943
587,0.982364,397,204,397.114,203.951
588,0.982043,397,204,396.52,203.941
589,0.981848,396,204,396.029,203.957
590,0.981524,396,204,395.447,203.966
591,0.981267,395,204,394.957,203.979
592,0.980746,394,205,394.183,204.165
593,0.98097,393,205,393.386,204.522
594,0.980375,393,205,392.697,204.635
595,0.980833,392,205,392.121,204.734
596,0.980358,392,205,391.467,204.827
597,0.980829,391,205,390.908,204.89
598,0.980332,390,205,390.105,204.968
599,0.980067,390,205,389.426,205.04
600,0.979405,389,205,388.839,205.094
601,0.979327,389,205,388.194,205.126
602,0.979204,388,205,387.641,205.168
603,0.979344,388,205,387.025,205.189
604,0.978719,387,205,386.516,205.218
605,0.978902,386,205,385.762,205.234
606,0.978598,385,205,384.946,205.229
607,0.978281,385,205,384.274,205.222
608,0.978175,384,205,383.689,205.209
609,0.978064,384,205,383.044,205.194
610,0.977918,383,205,382.506,205.185
611,0.977213,382,205,381.727,205.184
612,0.976993,381,205,380.898,205.159
613,0.977601,381,205,380.214,205.159
614,0.976556,380,205,379.639,205.14
615,0.976472,379,206,378.821,205.304
616,0.976376,379,205,378.147,205.449
617,0.976537,378,206,377.552,205.404
618,0.97638,378,206,376.896,205.713
619,0.97554,377,206,376.385,205.795
620,0.975435,377,206,375.77,205.892
621,0.975113,376,206,375.293,205.979
622,0.974565,376,206,374.733,206.037
623,0.975044,375,206,374.27,206.082
624,0.974684,374,206,373.561,206.096
625,0.974927,373,206,372.796,206.136
626,0.974532,373,206,372.117,206.149
627,0.974451,373,206,371.746,206.174
628,0.974423,372,206,371.271,206.199
629,0.974388,371,206,370.542,206.212
630,0.973837,370,206,369.773,206.205
631,0.972991,370,206,369.112,206.191
632,0.973374,369,206,368.548,206.177
633,0.972813,368,206,367.771,206.163
634,0.972936,368,206,367.109,206.157
635,0.972352,367,206,366.575,206.14
636,0.972116,367,206,365.942,206.153
637,0.972023,366,206,365.422,206.13
638,0.972275,365,206,364.648,206.109
639,0.971992,365,206,363.996,206.115
640,0.97179,364,206,363.474,206.111
641,0.971777,363,206,362.711,206.111
642,0.971863,363,206,362.044,206.086
643,0.971165,362,206,361.558,206.074
644,0.971089,361,206,360.769,206.072
645,0.97104,361,206,360.098,206.068
646,0.970331,360,206,359.533,206.069
647,0.970267,360,206,358.917,206.072
648,0.970538,359,206,358.41,206.039
649,0.969804,358,206,357.657,206.037
650,0.969986,358,206,357.017,206.036
651,0.969607,357,206,356.494,206.025
652,0.969754,356,206,355.746,206.01
653,0.969349,356,206,355.1,205.99
654,0.969181,355,206,354.529,205.984
655,0.968975,355,206,353.921,205.989
656,0.968756,354,206,353.411,205.989
657,0.968552,354,206,352.842,205.972
658,0.968569,353,206,352.361,205.962
659,0.967917,352,207,351.624,206.136
660,0.968351,351,207,350.845,206.48
661,0.968488,351,207,350.165,206.61
662,0.968054,350,207,349.612,206.717
663,0.968264,350,207,348.981,206.824
664,0.968254,349,207,348.481,206.9
665,0.967971,348,207,347.701,206.963
666,0.967209,348,207,347.061,207.034
667,0.967335,347,207,346.532,207.081
668,0.967222,347,207,345.931,207.1
669,0.967143,346,207,345.429,207.118
670,0.96705,346,207,344.858,207.135
671,0.96681,345,207,344.362,207.139
672,0.966389,344,207,343.612,207.163
673,0.966361,344,207,342.994,207.149
674,0.966478,343,207,342.476,207.134
675,0.966232,344,207,342.047,207.124
676,0.966874,344,207,342.1,207.147
677,0.967265,344,207,341.992,207.119
678,0.966858,345,207,342.088,207.118
679,0.96695,345,207,342.409,207.129
680,0.967593,345,207,342.548,207.122
681,0.967527,346,207,342.891,207.118
682,0.966966,346,207,343.372,207.124
683,0.967778,346,207,343.665,207.131
684,0.968018,346,208,343.953,207.279
685,0.968393,347,208,344.421,207.62
686,0.967823,347,208,344.975,207.732
687,0.967779,348,208,345.501,207.859
688,0.968632,348,208,346.15,207.95
689,0.968993,348,208,346.563,208.007
690,0.968536,349,208,347.136,208.036
691,0.968683,349,208,347.779,208.085
692,0.968747,350,208,348.346,208.129
693,0.969046,350,208,349.015,208.156
694,0.969182,351,208,349.589,208.193
695,0.969503,351,208,350.265,208.192
696,0.969742,351,208,350.678,208.211
697,0.970202,352,208,351.2,208.226
698,0.969707,352,208,351.829,208.211
699,0.969406,352,208,352.202,208.204
700,0.969854,353,208,352.653,208.193
701,0.969777,353,208,353.218,208.186
702,0.969514,354,208,353.704,208.174
703,0.969315,354,208,354.279,208.154
704,0.970039,354,208,354.616,208.147
705,0.969987,355,208,355.031,208.12
706,0.969968,355,208,355.568,208.11
707,0.970165,355,208,355.829,208.101
708,0.970925,356,208,356.2,208.079
709,0.970401,356,208,356.686,208.062
710,0.97048,357,208,357.096,208.07
711,0.970562,357,208,357.603,208.068
712,0.970552,358,208,358.01,208.057
713,0.970889,358,208,358.52,208.049
714,0.971092,358,208,358.769,208.042
715,0.97129,359,208,359.156,208.047
716,0.971225,359,208,359.665,208.03
717,0.971321,360,208,360.084,208.026
718,0.971599,360,208,360.591,208.017
719,0.971382,360,208,360.842,208.023
720,0.971387,361,209,361.196,208.185
721,0.971411,361,208,361.656,208.335
722,0.971679,361,208,361.889,208.139
723,0.971648,362,209,362.224,208.307
724,0.971871,362,209,362.677,208.615
725,0.971805,363,208,363.038,208.559
726,0.971661,363,208,363.531,208.322
727,0.972171,364,209,363.932,208.439
728,0.972262,364,209,364.44,208.719
729,0.972403,364,209,364.712,208.805
730,0.972638,365,209,365.092,208.889
731,0.972684,365,209,365.581,208.95
732,0.972947,366,209,366.001,208.991
733,0.972618,366,209,366.516,209.047
734,0.973321,367,209,366.948,209.101
735,0.973351,367,209,367.499,209.119
736,0.973364,368,209,367.938,209.143
737,0.973265,368,209,368.487,209.136
738,0.973396,369,209,368.937,209.159
739,0.973698,369,209,369.495,209.172
740,0.973521,370,209,369.965,209.158
741,0.973564,370,209,370.5,209.168
742,0.973531,371,209,370.977,209.178
743,0.973725,371,209,371.542,209.158
744,0.974019,372,209,372.006,209.145
745,0.974122,373,209,372.756,209.134
746,0.974604,373,209,373.388,209.109
747,0.974725,374,209,373.929,209.094
748,0.974801,375,208,374.712,208.903
749,0.975052,376,208,375.547,208.571
750,0.975505,376,208,376.272,208.438
751,0.975117,377,208,376.872,208.314
752,0.975628,378,208,377.718,208.232
753,0.975495,378,208,378.443,208.145
754,0.975661,379,208,379.05,208.084
755,0.976229,380,208,379.905,208.013
756,0.976175,380,208,380.652,207.96
757,0.976317,381,208,381.265,207.916
758,0.976772,382,208,382.111,207.887
759,0.976779,383,208,382.999,207.877
760,0.977413,383,208,383.758,207.847
761,0.97733,384,208,384.38,207.853
762,0.977246,385,208,385.219,207.838
763,0.977764,385,208,385.925,207.819
764,0.977733,386,208,386.507,207.797
765,0.977888,387,207,387.347,207.635
766,0.97815,387,208,388.063,207.506
767,0.97772,389,207,388.813,207.549
768,0.978811,389,207,389.785,207.23
769,0.979464,390,207,390.433,207.133
770,0.97928,391,207,391.296,207.042
771,0.979826,391,207,392.03,206.981
772,0.979448,392,207,392.642,206.963
773,0.980131,393,207,393.491,206.944
774,0.980151,393,207,394.192,206.899
775,0.980641,394,207,394.773,206.873
776,0.980414,395,207,395.587,206.84
777,0.981109,396,207,396.421,206.825
778,0.981714,396,207,397.139,206.808
779,0.981887,397,207,397.736,206.784
780,0.981521,398,207,398.567,206.8
781,0.981562,398,207,399.246,206.8
782,0.982102,399,206,399.796,206.634
783,0.982522,400,206,400.593,206.31
784,0.982971,401,206,401.433,206.208
785,0.983403,401,206,402.123,206.092
786,0.983769,402,206,402.716,206
787,0.984243,403,206,403.536,205.933
788,0.984658,403,206,404.215,205.863
789,0.985,404,206,404.763,205.846
790,0.985501,405,206,405.564,205.83
791,0.986009,406,206,406.413,205.818
792,0.986248,406,206,407.12,205.809
793,0.987072,407,206,407.707,205.791
794,0.986961,407,206,408.353,205.772
795,0.987556,408,206,408.877,205.779
796,0.98803,408,206,409.457,205.782
797,0.98797,409,206,409.942,205.786
798,0.988097,410,205,410.665,205.636
799,0.988571,411,205,411.439,205.327
800,0.989558,412,205,412.279,205.203
801,0.990076,412,205,412.96,205.121
802,0.990727,413,205,413.526,205.056
803,0.991373,414,205,414.346,205.004
804,0.991788,414,205,415.049,204.945
805,0.992452,414,205,415.454,204.887
806,0.992317,415,205,415.934,204.865
807,0.99234,414,205,416.314,204.856
808,0.992137,414,205,416.247,204.816
809,0.992142,414,205,416.314,204.785
810,0.991962,414,205,416.358,204.773
811,0.991395,413,205,416.168,204.76
812,0.991299,413,205,415.788,204.743
813,0.990636,413,205,415.581,204.733
814,0.990512,412,205,415.185,204.747
815,0.989973,412,205,414.645,204.749
816,0.989536,413,204,414.488,204.59
817,0.989342,412,204,414.318,204.276
818,0.989436,412,204,413.81,204.158
819,0.9894,412,204,413.545,204.067
820,0.989223,411,204,413.119,203.996
821,0.989096,411,204,412.559,203.929
822,0.988934,410,204,412.047,203.881
823,0.988526,410,204,411.418,203.839
824,0.988121,409,204,410.86,203.82
825,0.98798,409,204,410.199,203.812
826,0.987903,409,204,409.803,203.793
827,0.988034,408,204,409.273,203.773
828,0.987275,408,204,408.643,203.781
829,0.987341,407,204,408.103,203.772
830,0.987127,407,204,407.468,203.785
831,0.986919,407,204,407.09,203.779
832,0.986874,406,204,406.584,203.775
833,0.986506,406,204,405.991,203.777
834,0.986202,406,204,405.689,203.801
835,0.986081,405,204,405.258,203.822
836,0.985727,405,204,404.715,203.816
837,0.985513,404,204,404.266,203.857
838,0.985596,404,204,403.693,203.875
839,0.985294,403,204,403.218,203.897
840,0.984596,403,204,402.638,203.916
841,0.984594,402,204,402.152,203.944
842,0.984497,402,204,401.584,203.96
843,0.984369,402,204,401.275,203.951
844,0.984036,401,204,400.839,203.954
845,0.983645,401,204,400.353,203.95
846,0.983748,400,204,399.94,203.94
847,0.983396,400,204,399.384,203.935
848,0.983263,399,204,398.95,203.93
849,0.982601,399,204,398.409,203.929
850,0.982674,398,204,397.945,203.94
851,0.982643,398,204,397.391,203.93
852,0.982151,397,204,396.943,203.965
853,0.982054,397,204,396.406,203.972
854,0.981594,396,204,395.959,203.96
855,0.981508,396,204,395.386,203.962
856,0.981528,395,204,394.921,203.971
857,0.98084,394,204,394.201,203.986
858,0.980891,394,204,393.588,203.987
859,0.980463,393,204,393.068,203.99
860,0.98034,393,204,392.458,203.991
861,0.98034,392,204,391.941,204.001
862,0.980198,391,205,391.145,204.195
863,0.980305,390,205,390.328,204.522
864,0.979257,390,205,389.611,204.654
865,0.979463,389,205,389.036,204.766
866,0.979362,389,205,388.376,204.85
867,0.979042,388,205,387.831,204.929
868,0.978434,388,205,387.205,204.988
869,0.978875,387,205,386.689,205.058
870,0.978468,386,205,385.898,205.096
871,0.978271,385,205,385.073,205.157
872,0.978175,385,205,384.382,205.167
873,0.97838,384,205,383.801,205.176
874,0.978286,384,205,383.147,205.183
875,0.977832,383,205,382.588,205.19
876,0.977467,383,205,381.982,205.202
877,0.977221,382,205,381.467,205.207
878,0.97747,381,205,380.703,205.208
879,0.97679,381,205,380.067,205.217
880,0.976451,380,205,379.511,205.22
881,0.976611,379,205,378.74,205.214
882,0.97608,379,205,378.084,205.185
883,0.976468,378,205,377.54,205.161
884,0.975792,377,205,376.738,205.13
885,0.975972,377,205,376.093,205.116
886,0.975556,376,205,375.536,205.135
887,0.974892,376,205,374.909,205.12
888,0.974955,375,205,374.406,205.098
889,0.974745,374,205,373.652,205.089
890,0.974655,374,206,373.012,205.239
891,0.974563,373,205,372.488,205.38
892,0.974429,373,206,371.886,205.35
893,0.974168,372,206,371.407,205.656
894,0.974065,371,206,370.673,205.772
895,0.97376,371,206,370.052,205.867
896,0.973522,370,206,369.547,205.945
897,0.97309,369,206,368.792,205.994
898,0.972689,369,206,368.17,206.061
899,0.972721,368,205,367.618,205.926
900,0.971994,367,206,366.83,205.767
901,0.972248,367,206,366.147,205.997
902,0.972041,366,206,365.59,206.039
903,0.971869,365,206,364.779,206.083
904,0.971538,365,206,364.098,206.127
905,0.971471,364,205,363.55,205.956
906,0.971898,364,206,362.921,205.812
907,0.971665,363,206,362.403,206.013
908,0.971245,362,206,361.625,206.039
909,0.970643,362,206,361.005,206.046
910,0.970845,361,206,360.464,206.053
911,0.970282,360,206,359.682,206.073
912,0.970199,360,206,359.038,206.062
913,0.970116,360,206,358.682,206.062
914,0.970104,359,206,358.225,206.068
915,0.969939,359,206,357.685,206.062
916,0.969653,357,206,357.057,206.063
917,0.969579,357,206,356.187,206.05
918,0.969244,357,206,355.82,206.068
919,0.969626,356,206,355.363,206.051
920,0.96917,355,206,354.645,206.069
921,0.968638,355,206,354.053,206.07
922,0.968622,354,206,353.558,206.089
923,0.968317,353,206,352.764,206.079
924,0.968443,353,206,352.11,206.069
925,0.968741,352,206,351.577,206.074
926,0.968213,352,206,350.973,206.051
927,0.96811,351,206,350.492,206.043
928,0.967677,351,206,349.924,206.046
929,0.967868,350,206,349.439,206.038
930,0.967409,350,206,348.888,206.014
931,0.967503,348,207,348.268,206.171
932,0.967175,348,207,347.387,206.511
933,0.967358,347,207,346.828,206.641
934,0.967267,347,207,346.185,206.75
935,0.966902,346,207,345.645,206.848
936,0.966493,345,207,344.865,206.919
937,0.966529,345,207,344.202,206.98
938,0.966851,345,207,343.837,207.024
939,0.966726,345,207,343.55,207.053
940,0.966819,346,207,343.499,207.097
941,0.967017,346,207,343.666,207.119
942,0.96704,346,207,343.687,207.14
943,0.967072,346,207,343.763,207.165
944,0.967903,347,207,344.034,207.16
945,0.967243,347,207,344.451,207.166
946,0.967165,347,207,344.706,207.181
947,0.967663,348,207,345.109,207.163
948,0.968289,348,207,345.664,207.174
949,0.968397,349,207,346.172,207.169
950,0.968197,349,207,346.824,207.155
951,0.968443,350,207,347.424,207.17
952,0.968497,350,207,348.141,207.153
953,0.968784,350,207,348.569,207.152
954,0.968886,350,208,348.977,207.332
955,0.9688,351,207,349.507,207.474
956,0.969217,351,208,350.14,207.427
957,0.96936,352,207,350.702,207.537
958,0.9695,352,207,351.339,207.33
959,0.96962,353,207,351.908,207.279
960,0.969699,353,207,352.558,207.241
961,0.969306,354,207,353.115,207.188
962,0.969627,354,207,353.767,207.154
963,0.969055,354,207,354.149,207.13
964,0.969823,354,208,354.477,207.288
965,0.969892,354,208,354.734,207.608
966,0.969805,355,208,355.113,207.715
967,0.969974,356,207,355.744,207.637
968,0.970201,356,208,356.29,207.538
969,0.970102,356,208,356.599,207.837
970,0.970173,356,208,356.845,207.898
971,0.97056,357,208,357.189,207.955
972,0.970886,357,208,357.647,207.981
973,0.970818,358,208,358.05,208.023
974,0.97099,358,208,358.554,208.067
975,0.970816,359,208,358.946,208.119
976,0.971189,359,208,359.481,208.133
977,0.97098,359,208,359.741,208.144
978,0.971176,360,208,360.13,208.155
979,0.970741,360,208,360.61,208.175
980,0.971257,360,208,360.867,208.188
981,0.971492,361,208,361.21,208.202
982,0.971508,361,208,361.655,208.184
983,0.971828,361,208,361.893,208.18
984,0.971591,362,208,362.22,208.181
985,0.971714,362,208,362.668,208.161
986,0.971929,363,208,363.038,208.125
987,0.971889,363,208,363.545,208.144
988,0.972286,364,208,363.945,208.11
989,0.972334,364,208,364.46,208.117
990,0.972495,365,208,364.89,208.09
991,0.972509,365,208,365.424,208.08
992,0.973063,365,209,365.69,208.233
993,0.97288,366,209,366.073,208.566
994,0.973133,367,208,366.743,208.52
995,0.972967,367,209,367.318,208.453
996,0.972895,367,209,367.601,208.738
997,0.97356,368,208,368.018,208.651
998,0.973129,368,208,368.559,208.424
999,0.97323,368,209,368.823,208.541
1000,0.973322,369,208,369.223,208.633
1001,0.973199,369,209,369.703,208.551
1002,0.973169,369,209,369.924,208.813
1003,0.973644,370,209,370.276,208.879
1004,0.973919,370,209,370.734,208.944
1005,0.973564,371,208,371.111,208.848
1006,0.973802,371,209,371.588,208.71
1007,0.973788,372,209,372.005,208.929
1008,0.974109,372,209,372.514,208.981
1009,0.974031,373,208,372.942,208.852
1010,0.974616,373,209,373.492,208.712
1011,0.974373,374,208,373.949,208.766
1012,0.974073,375,208,374.662,208.49
1013,0.974577,375,208,375.301,208.401
1014,0.974743,376,208,375.81,208.316
1015,0.97541,376,208,376.42,208.227
1016,0.975128,377,208,376.925,208.177
1017,0.974984,377,208,377.532,208.122
1018,0.975155,378,208,378.037,208.081
1019,0.975639,378,208,378.624,208.031
1020,0.975934,379,208,379.131,207.977
1021,0.975969,380,208,379.868,207.932
1022,0.976029,381,208,380.664,207.92
1023,0.976387,382,208,381.516,207.912
1024,0.976426,382,208,382.244,207.906
1025,0.976585,383,208,382.856,207.905
1026,0.977243,384,208,383.724,207.906
1027,0.97744,384,208,384.474,207.91
1028,0.977909,385,208,385.115,207.9
1029,0.977676,386,208,385.958,207.901
1030,0.977656,386,208,386.68,207.908
1031,0.97778,387,208,387.28,207.891
1032,0.977757,388,208,388.107,207.894
1033,0.978148,389,208,388.987,207.889
1034,0.978724,390,207,389.897,207.7
1035,0.978992,390,207,390.66,207.376
1036,0.97906,391,207,391.331,207.28
1037,0.979336,391,207,392.044,207.182
1038,0.979983,392,207,392.612,207.104
1039,0.979837,393,207,393.453,207.023
1040,0.980079,394,207,394.323,206.943
1041,0.9805,394,207,395.043,206.894
1042,0.980648,395,207,395.653,206.862
1043,0.980967,396,207,396.479,206.834
1044,0.981379,397,207,397.364,206.801
1045,0.981392,397,207,398.097,206.746
1046,0.981734,398,207,398.697,206.749
1047,0.982063,399,207,399.558,206.744
1048,0.982565,399,207,400.241,206.746
1049,0.983056,400,207,400.804,206.754
1050,0.983035,401,207,401.631,206.773
1051,0.983261,402,206,402.489,206.621
1052,0.983878,403,206,403.364,206.311
1053,0.984496,404,206,404.257,206.201
1054,0.984947,404,206,405.016,206.118
1055,0.985512,405,206,405.672,206.029
1056,0.986123,406,206,406.51,205.992
1057,0.986656,406,206,407.239,205.908
1058,0.987063,407,206,407.811,205.87
1059,0.987622,407,206,408.431,205.822
1060,0.987772,408,206,408.957,205.814
1061,0.988019,409,206,409.73,205.81
1062,0.988458,409,206,410.358,205.807
1063,0.988245,410,206,410.89,205.821
1064,0.988413,410,206,411.481,205.81
1065,0.988494,412,205,412.126,205.649
1066,0.989561,413,205,413.198,205.316
1067,0.990276,413,205,413.94,205.178
1068,0.991047,414,205,414.55,205.086
1069,0.991434,414,205,415.193,205.001
1070,0.991779,414,205,415.562,204.934
1071,0.991871,414,205,415.821,204.887
1072,0.991668,414,205,416.038,204.829
1073,0.991697,413,205,416.002,204.772
1074,0.991616,413,205,415.732,204.747
1075,0.99147,413,205,415.64,204.733
1076,0.990543,412,205,415.366,204.713
1077,0.990545,412,205,414.88,204.717
1078,0.990135,412,205,414.605,204.7
1079,0.990012,411,205,414.179,204.704
1080,0.989506,411,205,413.589,204.717
1081,0.989491,411,205,413.2,204.734
1082,0.989013,410,205,412.687,204.751
1083,0.988884,410,205,412.035,204.773
1084,0.98875,409,205,411.459,204.804
1085,0.988531,409,205,410.773,204.816
1086,0.988238,408,205,410.16,204.82
1087,0.98804,408,205,409.439,204.846
1088,0.987759,408,205,408.972,204.851
1089,0.987193,407,205,408.394,204.877
1090,0.987228,407,205,407.71,204.892
1091,0.987164,407,205,407.298,204.906
1092,0.986511,406,205,406.78,204.9
1093,0.98641,406,205,406.163,204.9
1094,0.986141,406,205,405.817,204.904
1095,0.985989,406,204,405.522,204.758
1096,0.985557,406,204,405.276,204.446
1097,0.985316,405,204,404.919,204.327
1098,0.9853,405,204,404.456,204.214
1099,0.985147,404,204,404.056,204.133
1100,0.984531,404,204,403.573,204.059
1101,0.984484,403,204,403.163,203.996
1102,0.984656,403,204,402.649,203.937
1103,0.984334,403,204,402.374,203.891
1104,0.983895,402,204,402.002,203.857
1105,0.98397,402,204,401.508,203.83
1106,0.983646,401,204,401.12,203.794
1107,0.983594,401,204,400.593,203.783
1108,0.983485,400,204,400.147,203.763
1109,0.983035,400,204,399.614,203.738
1110,0.982678,399,204,399.149,203.76
1111,0.982898,399,204,398.577,203.765
1112,0.982522,398,204,398.124,203.778
1113,0.982615,398,204,397.569,203.811
1114,0.98247,398,204,397.26,203.809
1115,0.982114,397,204,396.87,203.835
1116,0.981903,397,204,396.358,203.844
1117,0.981875,397,204,396.101,203.863
1118,0.98166,396,204,395.704,203.9
1119,0.981278,395,204,395.059,203.907
1120,0.980925,395,204,394.527,203.922
1121,0.980617,394,204,394.084,203.94
1122,0.98102,394,204,393.528,203.962
1123,0.980472,393,204,393.049,203.973
1124,0.980348,392,205,392.328,204.125
1125,0.980481,392,204,391.707,204.282
1126,0.980071,391,205,391.187,204.259
1127,0.979964,391,204,390.585,204.408
1128,0.979604,390,205,390.044,204.358
1129,0.97986,390,205,389.454,204.644
1130,0.979309,389,205,388.959,204.751
1131,0.979302,389,205,388.373,204.821
1132,0.978996,388,205,387.909,204.891
1133,0.978724,387,205,387.167,204.981
1134,0.978692,387,205,386.504,205.04
1135,0.978981,386,205,385.959,205.086
1136,0.97868,385,205,385.154,205.142
1137,0.97805,385,205,384.493,205.168
1138,0.977925,384,205,383.932,205.205
1139,0.97789,384,205,383.281,205.232
1140,0.977591,383,205,382.746,205.231
1141,0.977721,383,205,382.131,205.245
1142,0.977149,382,205,381.621,205.232
1143,0.977136,381,205,380.843,205.207
1144,0.976802,381,205,380.22,205.19
1145,0.976597,380,205,379.698,205.174
1146,0.97633,380,205,379.08,205.173
1147,0.976298,379,205,378.583,205.181
1148,0.976124,378,205,377.82,205.13
1149,0.975591,377,205,377.003,205.113
1150,0.97577,377,205,376.307,205.082
1151,0.975362,376,205,375.73,205.092
1152,0.974702,376,205,375.078,205.076
1153,0.975134,375,205,374.533,205.051
1154,0.974558,374,205,373.747,205.047
1155,0.974778,374,205,373.084,205.044
1156,0.974401,373,205,372.545,205.052
1157,0.973932,373,205,371.931,205.023
1158,0.973928,372,206,371.452,205.192
1159,0.973842,371,206,370.687,205.53
1160,0.97352,370,206,369.868,205.65
1161,0.972956,370,206,369.181,205.752
1162,0.972798,370,205,368.778,205.676
1163,0.972688,369,206,368.309,205.598
1164,0.972056,368,206,367.585,205.867
1165,0.971926,367,206,366.805,205.932
1166,0.971994,367,206,366.128,205.986
1167,0.971975,366,206,365.586,206.056
1168,0.971707,366,206,364.959,206.088
1169,0.971465,365,206,364.447,206.115
1170,0.971472,364,205,363.702,205.98
1171,0.97141,364,206,363.06,205.817
1172,0.971275,363,206,362.517,206.024
1173,0.970959,362,206,361.734,206.051
1174,0.970824,362,206,361.095,206.078
1175,0.970571,361,206,360.547,206.095
1176,0.97037,361,205,359.929,205.939
1177,0.970158,360,206,359.435,205.779
1178,0.969793,360,206,358.851,205.998
1179,0.969679,359,206,358.334,206.017
1180,0.969487,359,205,357.785,205.844
1181,0.969768,358,206,357.326,205.694
1182,0.969417,357,206,356.602,205.912
1183,0.96955,356,206,355.842,205.923
1184,0.96911,356,206,355.205,205.933
1185,0.968855,355,206,354.674,205.967
1186,0.968643,355,206,354.086,206
1187,0.968774,354,206,353.563,206.01
1188,0.968695,354,206,352.959,206.022
1189,0.968367,353,206,352.496,206.005
1190,0.968722,353,206,351.912,206.013
1191,0.968004,352,206,351.44,206.017
1192,0.96815,351,206,350.715,206.036
1193,0.968008,351,206,350.123,206.031
1194,0.967803,350,206,349.618,206.034
1195,0.967224,349,206,348.848,206.037
1196,0.967545,349,206,348.201,206.046
1197,0.967187,348,207,347.658,206.188
1198,0.96708,348,206,347.05,206.342
1199,0.967114,347,206,346.559,206.144
1200,0.966619,347,206,345.985,206.111
1201,0.966794,346,207,345.515,206.269
1202,0.966688,346,207,344.947,206.584
1203,0.966729,346,207,344.646,206.726
1204,0.966727,346,207,344.43,206.824
1205,0.967322,347,207,344.449,206.916
1206,0.967028,347,207,344.657,206.983
1207,0.967144,348,207,344.896,207.038
1208,0.967458,348,207,345.32,207.074
1209,0.968105,348,207,345.548,207.1
1210,0.968391,349,207,345.954,207.124
1211,0.967975,349,207,346.523,207.123
1212,0.968075,349,207,346.864,207.111
1213,0.968823,350,207,347.351,207.127
1214,0.968948,350,207,347.981,207.132
1215,0.968798,351,207,348.559,207.163
1216,0.969276,351,207,349.227,207.173
1217,0.969227,352,207,349.828,207.166
1218,0.969587,352,207,350.525,207.162
1219,0.969436,352,207,350.98,207.172
1220,0.969377,353,207,351.573,207.168
1221,0.969755,353,207,352.236,207.159
1222,0.970018,353,207,352.642,207.131
1223,0.969801,354,207,353.16,207.104
1224,0.969354,354,207,353.75,207.104
1225,0.970144,355,207,354.278,207.089
1226,0.97003,355,207,354.898,207.071
1227,0.96949,355,207,355.242,207.082
1228,0.970135,355,207,355.548,207.084
1229,0.96984,356,207,355.951,207.073
1230,0.970013,356,207,356.471,207.038
1231,0.970398,357,207,356.893,207.034
1232,0.97021,357,207,357.422,207.045
1233,0.970229,357,208,357.72,207.215
1234,0.970694,358,207,358.12,207.359
1235,0.970707,358,208,358.624,207.318
1236,0.970705,358,208,358.862,207.653
1237,0.971419,359,208,359.194,207.772
1238,0.970999,360,207,359.832,207.667
1239,0.971125,360,208,360.396,207.601
1240,0.971112,360,208,360.685,207.862
1241,0.970886,360,208,360.908,207.945
1242,0.971263,361,208,361.268,207.987
1243,0.971468,361,208,361.715,208.05
1244,0.971623,361,208,361.912,208.098
1245,0.971492,362,208,362.238,208.136
1246,0.971955,362,208,362.677,208.175
1247,0.971688,363,208,363.036,208.176
1248,0.971381,363,208,363.512,208.205
1249,0.972098,363,208,363.749,208.209
1250,0.972308,364,208,364.112,208.219
1251,0.9721,364,208,364.592,208.218
1252,0.9725,365,208,364.967,208.217
1253,0.972321,365,208,365.461,208.179
1254,0.97284,365,208,365.716,208.167
1255,0.972944,366,208,366.087,208.16
1256,0.972729,366,208,366.557,208.128
1257,0.973139,367,208,366.956,208.131
1258,0.97305,367,208,367.461,208.104
1259,0.973287,367,208,367.69,208.102
1260,0.97301,368,208,368.053,208.092
1261,0.97368,368,208,368.53,208.092
1262,0.973325,369,208,368.93,208.076
1263,0.973257,369,208,369.422,208.072
1264,0.97339,369,208,369.683,208.069
1265,0.973746,370,208,370.07,208.07
1266,0.973603,370,208,370.547,208.062
1267,0.973603,371,209,370.961,208.226
1268,0.973883,371,209,371.448,208.55
1269,0.973638,371,209,371.698,208.674
1270,0.974126,371,209,371.893,208.763
1271,0.974668,372,209,372.231,208.841
1272,0.974174,373,208,372.827,208.748
1273,0.974288,373,209,373.35,208.663
1274,0.974322,373,208,373.641,208.757
1275,0.974602,374,208,374,208.492
1276,0.974045,375,208,374.677,208.425
1277,0.974578,375,209,375.22,208.533
1278,0.974411,375,209,375.537,208.79
1279,0.974693,376,208,375.96,208.689
1280,0.974941,376,208,376.499,208.407
1281,0.975,377,208,376.942,208.331
1282,0.974858,377,208,377.489,208.264
1283,0.975034,378,208,377.909,208.198
1284,0.974818,378,208,378.444,208.152
1285,0.975176,379,208,378.918,208.104
1286,0.975364,379,208,379.471,208.07
1287,0.975409,380,208,379.935,208.037
1288,0.976165,381,208,380.664,207.998
1289,0.976332,382,208,381.468,207.969
1290,0.97583,383,208,382.333,207.937
1291,0.97692,383,208,383.061,207.914
1292,0.976739,384,208,383.701,207.9
1293,0.977292,384,208,384.412,207.902
1294,0.977449,385,208,385.018,207.909
1295,0.977203,385,208,385.674,207.907
1296,0.977745,386,208,386.223,207.901
1297,0.977909,387,208,386.996,207.907
1298,0.977434,388,208,387.842,207.915
1299,0.978218,389,208,388.746,207.926
1300,0.978542,389,208,389.493,207.921
1301,0.978832,390,208,390.127,207.929
1302,0.978919,391,208,391.003,207.945
1303,0.978836,391,208,391.739,207.931
1304,0.979165,392,208,392.375,207.931
1305,0.979399,393,208,393.191,207.945
1306,0.979768,394,207,394.085,207.772
1307,0.979939,394,207,394.829,207.471
1308,0.980262,395,207,395.449,207.349
1309,0.980756,396,207,396.3,207.237
1310,0.981158,397,207,397.185,207.145
1311,0.981348,397,207,397.927,207.078
1312,0.981826,398,207,398.557,207.014
1313,0.982174,399,207,399.402,206.963
1314,0.982585,400,207,400.303,206.912
1315,0.982981,400,207,401.038,206.859
1316,0.983317,401,207,401.657,206.833
1317,0.983678,402,207,402.496,206.783
1318,0.983613,402,207,403.193,206.778
1319,0.984053,403,207,403.777,206.753
1320,0.984385,404,206,404.598,206.584
1321,0.98506,405,206,405.457,206.272
1322,0.985558,406,206,406.341,206.149
1323,0.986225,406,206,407.086,206.053
1324,0.986773,407,206,407.698,205.949
1325,0.987028,408,206,408.542,205.889
1326,0.987464,408,206,409.285,205.828
1327,0.987899,409,206,409.861,205.774
1328,0.987951,409,206,410.494,205.743
1329,0.988665,410,206,411.023,205.697
1330,0.989033,411,206,411.789,205.673
1331,0.989283,411,206,412.436,205.695
1332,0.989609,412,206,412.94,205.686
1333,0.989275,412,206,413.534,205.686
1334,0.989305,412,206,413.831,205.716
1335,0.989444,413,205,414.222,205.549
1336,0.98939,412,205,414.502,205.248
1337,0.989475,412,205,414.389,205.156
1338,0.989424,412,205,414.404,205.056
1339,0.989269,411,205,414.234,204.965
1340,0.988964,411,205,413.846,204.89
1341,0.988967,411,205,413.623,204.833
1342,0.988777,410,205,413.225,204.789
1343,0.988552,410,205,412.67,204.779
1344,0.988331,409,205,412.149,204.755
1345,0.988276,409,205,411.497,204.731
1346,0.988482,409,205,411.085,204.724
1347,0.988242,409,205,410.678,204.714
1348,0.988327,408,205,410.173,204.742
1349,0.987953,408,205,409.548,204.762
1350,0.988046,407,205,408.98,204.764
1351,0.987743,407,205,408.31,204.769
1352,0.987311,407,205,407.9,204.816
1353,0.987149,407,205,407.541,204.831
1354,0.986831,406,205,407.087,204.873
1355,0.986922,406,205,406.491,204.877
1356,0.986256,405,205,405.979,204.884
1357,0.986302,405,205,405.348,204.914
1358,0.986028,405,205,404.995,204.923
1359,0.985543,404,205,404.545,204.958
1360,0.985592,404,205,403.948,204.966
1361,0.985076,403,205,403.468,204.985
1362,0.985079,403,205,402.901,204.983
1363,0.984567,402,205,402.412,204.983
1364,0.984636,402,205,401.822,205.003
1365,0.984302,402,205,401.48,205.013
1366,0.984192,401,205,401.045,205.009
1367,0.983583,401,205,400.53,205.02
1368,0.983683,400,205,400.072,205.024
1369,0.983761,400,205,399.529,205.012
1370,0.98329,400,205,399.201,205.029
1371,0.983099,399,205,398.799,205.036
1372,0.982955,399,205,398.3,205.043
1373,0.982735,398,205,397.887,205.025
1374,0.982696,398,205,397.374,205.014
1375,0.982274,397,205,396.927,205.015
1376,0.982224,397,205,396.404,205.011
1377,0.982067,397,205,396.139,205.004
1378,0.981857,396,205,395.782,205.032
1379,0.981436,396,205,395.286,205.03
1380,0.981179,395,205,394.864,205.038
1381,0.981256,395,205,394.35,205.037
1382,0.980976,394,205,393.924,205.032
1383,0.980824,394,205,393.398,205.011
1384,0.98085,394,205,393.137,205.006
1385,0.980534,393,205,392.768,204.995
1386,0.980511,393,205,392.298,204.994
1387,0.980465,392,205,391.89,204.985
1388,0.979926,392,205,391.389,204.992
1389,0.980197,391,205,390.949,205.026
1390,0.980158,391,205,390.402,205.003
1391,0.979708,390,205,389.986,204.994
1392,0.979447,390,205,389.443,205.006
1393,0.979518,390,205,389.15,205.023
1394,0.979339,389,205,388.774,205.013
1395,0.979323,389,205,388.292,205.015
1396,0.979063,388,205,387.892,205.006
1397,0.978765,388,205,387.393,205.007
1398,0.97883,387,205,386.984,204.998
1399,0.978352,386,205,386.278,204.992
1400,0.978472,386,205,385.653,204.997
1401,0.9783,385,205,385.163,204.989
1402,0.978008,384,205,384.409,204.996
1403,0.978073,384,205,383.741,204.997
1404,0.977709,383,205,383.173,205.023
1405,0.977512,383,205,382.54,205.011
1406,0.977317,382,205,381.992,204.984
1407,0.977156,382,205,381.369,204.974
1408,0.977109,381,205,380.849,204.958
1409,0.976508,380,205,380.082,204.97
1410,0.976639,380,205,379.405,204.996
1411,0.976592,379,205,378.875,204.989
1412,0.976596,379,205,378.239,204.982
1413,0.975934,378,205,377.732,205.005
1414,0.975955,377,205,376.958,204.991
1415,0.975358,377,205,376.293,204.99
1416,0.975463,376,205,375.757,204.996
1417,0.975087,376,205,375.145,205
1418,0.975321,375,205,374.629,205.026
1419,0.974509,375,205,374.015,205.033
1420,0.974477,374,205,373.529,205.029
1421,0.974432,373,205,372.787,205.051
1422,0.974317,373,205,372.169,205.05
1423,0.973829,372,205,371.638,205.032
1424,0.97327,371,206,370.88,205.191
1425,0.973207,371,205,370.231,205.334
1426,0.973272,370,205,369.691,205.114
1427,0.973011,369,205,368.895,205.112
1428,0.972206,369,205,368.22,205.099
1429,0.972282,368,205,367.686,205.08
1430,0.971822,367,205,366.885,205.069
1431,0.971267,367,205,366.213,205.035
1432,0.971238,366,205,365.626,205.008
1433,0.971192,366,205,365.011,205.001
1434,0.971329,365,205,364.492,205.016
1435,0.971086,364,205,363.72,205.029
1436,0.970594,364,205,363.062,205.007
1437,0.970672,363,205,362.5,205.007
1438,0.970556,363,205,361.894,204.979
1439,0.970476,362,206,361.393,205.121
1440,0.970006,361,206,360.654,205.451
1441,0.970119,361,205,359.988,205.421
1442,0.969908,360,206,359.448,205.369
1443,0.969652,360,205,358.848,205.487
1444,0.96989,359,205,358.358,205.277
1445,0.969179,359,206,357.779,205.369
1446,0.969571,358,206,357.331,205.659
1447,0.969047,357,206,356.629,205.736
1448,0.968867,356,206,355.859,205.812
1449,0.968881,356,206,355.206,205.899
1450,0.96879,355,206,354.646,205.956
1451,0.968367,354,206,353.876,206.003
1452,0.968357,354,206,353.216,206.03
1453,0.96841,354,206,352.814,206.069
1454,0.968262,353,206,352.322,206.117
1455,0.968283,353,206,351.783,206.147
1456,0.968018,352,206,351.353,206.162
1457,0.96781,352,206,350.82,206.164
1458,0.967701,351,206,350.37,206.184
1459,0.967623,350,206,349.663,206.192
1460,0.967119,350,206,349.059,206.183
1461,0.966853,349,206,348.583,206.184
1462,0.967299,348,206,347.838,206.162
1463,0.966587,348,206,347.188,206.167
1464,0.966742,347,206,346.673,206.159
1465,0.9665,347,206,346.063,206.14
1466,0.967377,347,207,345.751,206.294
1467,0.966841,348,206,345.665,206.437
1468,0.967312,348,207,345.821,206.418
1469,0.967301,348,206,345.831,206.549
1470,0.967721,348,207,345.852,206.492
1471,0.96793,349,207,346.073,206.78
1472,0.967757,349,207,346.506,206.863
1473,0.968011,349,207,346.739,206.933
1474,0.968306,350,207,347.126,207.004
1475,0.96818,350,207,347.669,207.016
1476,0.9684,351,207,348.188,207.078
1477,0.968866,351,207,348.808,207.104
1478,0.968361,351,207,349.227,207.135
1479,0.969271,352,207,349.797,207.132
1480,0.969062,352,207,350.461,207.131
1481,0.969705,352,207,350.883,207.127
1482,0.969201,353,207,351.409,207.121
1483,0.969126,353,207,352.034,207.128
1484,0.969127,354,207,352.614,207.129
1485,0.96916,354,207,353.258,207.137
1486,0.969537,355,207,353.81,207.122
1487,0.969419,355,207,354.481,207.118
1488,0.969605,355,207,354.871,207.11
1489,0.969803,356,207,355.362,207.102
1490,0.970084,356,207,355.979,207.097
1491,0.969725,356,207,356.326,207.09
1492,0.970279,357,207,356.77,207.079
1493,0.970483,357,207,357.319,207.071
1494,0.970422,358,207,357.795,207.059
1495,0.970388,358,207,358.344,207.039
1496,0.970871,358,207,358.638,207.057
1497,0.970957,359,207,359.046,207.069
1498,0.970971,359,207,359.556,207.082
1499,0.970965,359,207,359.826,207.08
1500,0.970825,360,207,360.211,207.1
1501,0.971088,360,207,360.68,207.097
1502,0.971152,361,207,361.071,207.084
1503,0.971468,361,207,361.57,207.079
1504,0.971616,362,207,362.004,207.056
1505,0.971463,362,207,362.528,207.051
1506,0.971793,362,208,362.781,207.201
1507,0.971337,362,208,362.973,207.53
1508,0.971627,363,207,363.313,207.472
1509,0.971699,363,208,363.752,207.445
1510,0.972033,363,208,363.961,207.756
1511,0.972174,364,208,364.287,207.842
1512,0.971874,364,208,364.717,207.923
1513,0.97217,365,208,365.08,207.983
1514,0.972477,365,208,365.542,208.046
1515,0.972476,365,208,365.764,208.091
1516,0.972682,366,208,366.114,208.124
1517,0.972875,366,208,366.58,208.156
1518,0.972979,366,208,366.8,208.189
1519,0.972754,367,208,367.129,208.202
1520,0.972425,367,208,367.571,208.186
1521,0.973235,368,208,367.953,208.181
1522,0.973505,368,208,368.423,208.174
1523,0.973614,369,208,368.835,208.139
1524,0.972942,369,208,369.347,208.141
1525,0.973563,369,208,369.62,208.131
1526,0.973725,370,208,369.991,208.125
1527,0.973918,370,208,370.483,208.125
1528,0.973578,370,208,370.746,208.108
1529,0.973545,371,208,371.079,208.097
1530,0.973921,371,208,371.545,208.092
1531,0.973793,371,208,371.779,208.07
1532,0.97418,372,208,372.105,208.061
1533,0.974368,372,208,372.575,208.044
1534,0.974207,373,208,372.968,208.051
1535,0.974472,373,208,373.45,208.021
1536,0.97464,373,208,373.703,208.006
1537,0.974774,374,208,374.053,207.991
1538,0.974991,374,208,374.513,207.984
1539,0.974815,375,208,374.916,207.983
1540,0.974892,375,208,375.436,207.992
1541,0.975329,376,208,375.869,208
1542,0.974995,376,208,376.412,207.986
1543,0.97476,376,208,376.689,208.003
1544,0.975124,377,208,377.078,207.999
1545,0.974816,377,208,377.581,207.985
1546,0.97532,378,208,377.997,207.98
1547,0.975208,378,208,378.505,207.983
1548,0.975271,378,208,378.771,207.983
1549,0.975557,379,208,379.15,207.972
1550,0.975312,380,208,379.813,207.962
1551,0.975648,380,208,380.387,207.976
1552,0.975773,381,208,380.833,207.974
1553,0.976029,382,208,381.585,207.992
1554,0.976376,382,208,382.218,207.986
1555,0.976226,383,208,382.735,207.983
1556,0.976526,383,208,383.344,207.987
1557,0.976513,384,208,383.88,208.001
1558,0.976781,384,208,384.502,207.983
1559,0.977348,385,208,385.024,207.976
1560,0.977318,386,208,385.79,207.955
1561,0.977463,387,208,386.612,207.95
1562,0.97755,388,208,387.478,207.98
1563,0.977932,388,208,388.247,207.988
1564,0.978159,389,208,388.882,208
1565,0.978516,389,208,389.566,207.993
1566,0.978408,390,208,390.159,208.008
1567,0.97866,391,208,390.997,208
1568,0.978717,391,208,391.706,208.011
1569,0.979159,392,208,392.288,208.013
1570,0.97943,393,208,393.095,208.005
1571,0.979427,394,208,393.956,208
1572,0.979657,395,207,394.871,207.848
1573,0.980377,395,207,395.631,207.516
1574,0.980768,396,207,396.275,207.41
1575,0.980851,397,207,397.172,207.31
1576,0.981774,398,207,398.073,207.214
1577,0.981595,399,207,399.017,207.141
1578,0.982718,399,207,399.813,207.063
1579,0.982673,400,207,400.457,206.994
1580,0.983202,401,207,401.34,206.953
1581,0.983328,401,207,402.072,206.899
1582,0.98357,402,207,402.703,206.862
1583,0.983551,403,207,403.547,206.855
1584,0.984182,403,207,404.271,206.845
1585,0.984185,404,207,404.839,206.817
1586,0.98478,405,206,405.651,206.645
1587,0.985478,406,206,406.498,206.321
1588,0.985898,407,206,407.391,206.202
1589,0.986409,407,206,408.137,206.103
1590,0.98722,408,206,408.747,206.006
1591,0.987401,409,206,409.565,205.932
1592,0.987909,409,206,410.263,205.868
1593,0.988271,410,206,410.847,205.834
1594,0.988455,410,206,411.472,205.796
1595,0.989334,411,206,411.993,205.757
1596,0.989207,412,206,412.753,205.724
1597,0.989522,412,206,413.377,205.704
1598,0.989157,411,206,413.541,205.707
1599,0.989137,411,206,413.465,205.689
1600,0.988727,411,206,413.502,205.7
1601,0.988544,410,206,413.329,205.717
1602,0.988265,411,205,413.137,205.563
1603,0.988164,410,206,413.095,205.398
1604,0.988035,410,205,412.706,205.458
1605,0.988025,410,205,412.501,205.149
1606,0.98787,410,205,412.277,205.053
1607,0.987977,409,205,411.875,204.984
1608,0.987697,409,205,411.325,204.94
1609,0.987873,409,205,410.973,204.903
1610,0.98791,408,205,410.473,204.873
1611,0.987564,408,205,409.856,204.837
1612,0.987618,408,205,409.467,204.818
1613,0.987565,407,205,408.966,204.796
1614,0.987353,407,205,408.341,204.789
1615,0.986667,407,205,407.963,204.789
1616,0.986857,406,205,407.464,204.796
1617,0.986767,406,205,406.822,204.785
1618,0.986136,406,205,406.463,204.796
1619,0.986272,405,205,405.987,204.799
1620,0.985669,405,205,405.404,204.818
1621,0.985651,404,205,404.884,204.815
1622,0.985275,404,205,404.264,204.821
1623,0.98525,404,205,403.902,204.834
1624,0.985045,403,205,403.449,204.844
1625,0.98475,403,205,402.883,204.846
1626,0.98465,402,205,402.418,204.868
1627,0.984299,402,205,401.849,204.882
1628,0.984488,402,205,401.516,204.901
1629,0.983889,401,205,401.091,204.89
1630,0.983915,401,205,400.546,204.927
1631,0.983415,400,205,400.121,204.941
1632,0.983342,400,205,399.578,204.949
1633,0.982917,400,205,399.289,204.965
1634,0.982781,399,205,398.878,204.973
1635,0.982743,399,205,398.388,204.976
1636,0.982503,398,205,397.959,204.99
1637,0.982601,398,205,397.441,204.987
1638,0.982416,397,205,396.998,204.999
1639,0.982263,397,205,396.464,205.003
1640,0.981909,397,205,396.178,204.989
1641,0.981778,396,205,395.817,205
1642,0.982095,396,205,395.329,205.016
1643,0.981452,396,205,395.096,205.019
1644,0.980999,395,205,394.745,205.002
1645,0.98106,395,205,394.273,205.019
1646,0.980641,394,205,393.861,205.029
1647,0.980787,393,205,393.175,205.062
1648,0.980845,393,205,392.597,205.062
1649,0.980521,393,205,392.285,205.035
1650,0.980539,392,205,391.892,205.027
1651,0.98051,392,205,391.379,205.009
1652,0.980115,392,205,391.126,205.009
1653,0.980055,391,205,390.747,205.011
1654,0.979676,391,205,390.259,205.022
1655,0.979843,390,205,389.885,205.029
1656,0.979494,390,205,389.389,205.029
1657,0.979118,389,205,388.98,205.022
1658,0.979231,389,205,388.472,205.015
1659,0.978962,388,205,388.033,204.997
1660,0.978782,388,205,387.511,205
1661,0.978934,387,205,387.026,204.986
1662,0.978246,387,205,386.493,205.01
1663,0.978167,386,205,386.026,205.015
1664,0.978441,386,205,385.48,205.005
1665,0.978141,385,205,384.999,205.017
1666,0.978259,385,205,384.459,205.015
1667,0.977934,384,205,383.981,205.013
1668,0.978112,384,205,383.414,205.006
1669,0.977636,383,205,382.934,205.02
1670,0.977665,383,205,382.378,205.024
1671,0.977331,382,205,381.897,205.011
1672,0.977187,382,205,381.336,205.001
1673,0.976917,381,205,380.86,204.984
1674,0.976817,380,205,380.135,204.975
1675,0.976159,380,205,379.556,204.968
1676,0.976103,379,205,379.033,204.967
1677,0.976268,379,205,378.422,204.97
1678,0.975952,378,205,377.901,204.95
1679,0.975948,377,205,377.123,204.958
1680,0.975381,377,205,376.482,204.949
1681,0.975023,376,205,375.93,204.953
1682,0.975271,376,205,375.3,204.972
1683,0.975176,375,205,374.786,204.967
1684,0.974026,375,205,374.205,204.981
1685,0.974139,374,205,373.705,204.987
1686,0.973455,373,205,372.928,204.987
1687,0.973998,373,205,372.279,204.978
1688,0.973806,372,205,371.734,204.964
1689,0.973352,371,205,370.961,204.987
1690,0.972823,370,205,370.134,204.994
1691,0.973155,370,205,369.431,204.999
1692,0.972535,369,205,368.84,205.012
1693,0.972202,369,205,368.174,205.006
1694,0.972004,368,205,367.627,205.025
1695,0.971735,368,205,366.999,205.039
1696,0.971874,367,205,366.476,205.032
1697,0.971178,366,205,365.713,205.048
1698,0.971672,366,205,365.09,205.025
1699,0.971345,365,205,364.563,205.024
1700,0.971152,364,205,363.792,205.024
1701,0.970974,364,205,363.13,205.013
1702,0.97097,363,205,362.571,205.022
1703,0.970187,363,205,361.965,205.018
1704,0.970102,362,205,361.439,205.011
1705,0.970219,361,205,360.705,205.021
1706,0.969673,361,205,360.06,204.999
1707,0.969697,361,205,359.711,205.007
1708,0.969394,360,205,359.254,204.999
1709,0.969469,359,205,358.568,204.99
1710,0.969205,359,205,357.963,205.011
1711,0.968771,358,206,357.467,205.173
1712,0.968657,357,205,356.734,205.318
1713,0.968598,357,205,356.088,205.108
1714,0.96825,356,206,355.57,205.267
1715,0.968493,355,206,354.809,205.595
1716,0.968372,355,205,354.169,205.517
1717,0.967806,355,205,353.825,205.288
1718,0.967988,354,206,353.37,205.431
1719,0.967965,353,206,352.663,205.708
1720,0.967716,353,206,352.062,205.805
1721,0.967996,352,206,351.557,205.89
1722,0.967436,351,206,350.806,205.938
1723,0.967548,351,206,350.185,206.019
1724,0.967415,350,206,349.658,206.061
1725,0.966972,350,206,349.059,206.089
1726,0.966766,349,206,348.58,206.126
1727,0.96678,349,206,348.013,206.136
1728,0.966495,348,206,347.525,206.14
1729,0.966378,348,206,346.948,206.167
1730,0.966759,349,206,346.806,206.206
1731,0.967142,349,206,346.917,206.206
1732,0.967013,350,206,347.067,206.217
1733,0.967412,350,206,347.408,206.198
1734,0.967939,351,206,347.732,206.203
1735,0.967872,351,206,348.243,206.187
1736,0.96779,351,206,348.557,206.169
1737,0.968354,352,206,349.008,206.145
1738,0.968342,352,206,349.61,206.133
1739,0.968489,352,206,349.965,206.109
1740,0.968268,353,206,350.477,206.102
1741,0.968729,353,206,351.121,206.081
1742,0.968308,353,207,351.542,206.248
1743,0.968609,354,206,352.084,206.402
1744,0.968825,354,207,352.714,206.37
1745,0.969261,354,207,353.103,206.68
1746,0.96941,355,206,353.631,206.618
1747,0.969353,355,207,354.267,206.557
1748,0.969064,355,207,354.648,206.85
1749,0.969685,355,207,354.942,206.93
1750,0.969718,356,207,355.383,206.974
1751,0.969798,356,207,355.954,207.007
1752,0.969488,356,207,356.253,207.039
1753,0.970222,357,207,356.663,207.091
1754,0.970127,357,207,357.176,207.142
1755,0.970515,358,207,357.604,207.152
1756,0.969858,358,207,358.176,207.176
1757,0.970576,359,207,358.638,207.184
1758,0.970913,359,207,359.207,207.187
1759,0.970657,360,207,359.66,207.193
1760,0.971237,360,207,360.224,207.198
1761,0.970976,360,207,360.538,207.18
1762,0.97055,361,207,360.977,207.158
1763,0.971235,361,207,361.524,207.137
1764,0.971336,361,207,361.78,207.134
1765,0.971376,362,207,362.167,207.125
1766,0.971618,362,207,362.651,207.141
1767,0.97158,363,207,363.072,207.139
1768,0.97179,363,207,363.563,207.127
1769,0.972053,363,207,363.827,207.11
1770,0.971822,364,207,364.214,207.095
1771,0.972398,364,207,364.674,207.094
1772,0.972526,364,207,364.916,207.068
1773,0.972208,365,207,365.258,207.059
1774,0.972197,365,208,365.698,207.227
1775,0.972309,365,207,365.905,207.37
1776,0.972263,366,207,366.221,207.155
1777,0.972749,366,208,366.671,207.29
1778,0.97247,366,208,366.86,207.632
1779,0.972622,367,208,367.164,207.739
1780,0.97266,367,208,367.596,207.833
1781,0.973297,367,208,367.776,207.894
1782,0.973357,368,208,368.119,207.958
1783,0.973398,368,208,368.541,208.028
1784,0.973371,368,208,368.758,208.058
1785,0.973671,369,208,369.087,208.088
1786,0.973937,369,208,369.509,208.125
1787,0.973795,370,208,369.873,208.127
1788,0.973619,370,208,370.347,208.144
1789,0.973779,370,208,370.591,208.176
1790,0.973462,371,208,370.948,208.168
1791,0.973689,371,208,371.423,208.175
1792,0.973711,371,208,371.664,208.181
1793,0.973848,372,208,371.996,208.22
1794,0.974215,372,208,372.461,208.216
1795,0.974834,372,208,372.683,208.211
1796,0.974575,373,208,373.055,208.208
1797,0.97463,373,208,373.514,208.203
1798,0.974544,374,208,373.897,208.188
1799,0.975019,374,208,374.394,208.169
1800,0.975023,374,208,374.647,208.142
1801,0.97487,375,208,375.01,208.135
1802,0.974911,375,208,375.472,208.123
1803,0.974775,375,208,375.702,208.119
1804,0.974719,376,208,376.077,208.097
1805,0.975185,376,208,376.539,208.082
1806,0.97525,377,208,376.926,208.08
1807,0.97513,377,208,377.41,208.09
1808,0.975116,377,208,377.668,208.072
1809,0.974873,378,208,378.033,208.069
1810,0.975267,378,208,378.513,208.05
1811,0.975477,378,208,378.741,208.013
1812,0.975497,379,208,379.067,208.013
1813,0.975322,379,208,379.511,208.027
1814,0.975757,380,208,379.905,208.017
1815,0.975699,380,208,380.421,208.01
1816,0.975792,381,208,380.84,207.982
1817,0.976233,382,208,381.54,207.993
1818,0.97621,382,208,382.15,207.988
1819,0.97622,382,208,382.479,207.974
1820,0.976433,383,208,382.922,207.976
1821,0.976666,384,208,383.635,207.973
1822,0.976607,384,208,384.243,207.996
1823,0.976791,385,208,384.743,208.001
1824,0.976843,385,208,385.339,207.992
1825,0.977315,386,208,385.853,208.01
1826,0.977089,387,208,386.623,208.004
1827,0.977493,388,208,387.447,208.001
1828,0.977528,388,208,388.175,207.98
1829,0.97759,389,208,388.776,207.995
1830,0.978136,390,208,389.656,207.99
1831,0.978143,390,208,390.369,207.987
1832,0.978824,391,208,390.996,207.978
1833,0.978537,391,208,391.675,207.989
1834,0.978747,392,208,392.227,207.99
1835,0.979056,392,208,392.856,207.984
1836,0.979326,393,208,393.379,207.975
1837,0.979643,394,208,394.152,207.97
1838,0.979814,395,208,394.971,207.991
1839,0.980121,396,207,395.844,207.836
1840,0.980722,397,207,396.755,207.517
1841,0.981202,397,207,397.531,207.389
1842,0.981534,398,207,398.203,207.283
1843,0.982322,399,207,399.07,207.196
1844,0.982205,400,207,399.982,207.115
1845,0.982837,400,207,400.761,207.061
1846,0.983155,401,207,401.396,206.994
1847,0.983478,402,207,402.296,206.946
1848,0.983772,403,207,403.215,206.903
1849,0.984002,403,207,403.963,206.872
1850,0.984473,404,207,404.596,206.875
1851,0.984871,404,207,405.256,206.857
1852,0.98496,405,207,405.826,206.845
1853,0.985405,406,207,406.615,206.834
1854,0.985954,407,206,407.455,206.67
1855,0.986277,408,206,408.324,206.322
1856,0.98674,409,206,409.22,206.203
1857,0.987692,409,206,409.983,206.107
1858,0.988074,410,206,410.618,206.008
1859,0.988468,411,206,411.486,205.943
1860,0.988702,411,206,412.217,205.893
1861,0.989127,411,206,412.634,205.854
1862,0.988963,410,206,412.774,205.833
1863,0.988746,410,206,412.681,205.79
1864,0.988764,410,206,412.69,205.763
1865,0.988505,409,206,412.517,205.725
1866,0.988315,409,206,412.128,205.738
1867,0.987909,409,206,411.931,205.734
1868,0.98788,409,206,411.723,205.755
1869,0.987814,408,206,411.332,205.754
1870,0.987319,408,206,410.778,205.777
1871,0.987459,408,206,410.444,205.773
1872,0.986747,408,205,410.115,205.61
1873,0.986753,408,205,409.792,205.274
1874,0.98694,408,205,409.493,205.149
1875,0.986896,407,205,409.073,205.056
1876,0.986667,407,205,408.519,204.989
1877,0.986648,407,205,408.194,204.959
1878,0.986291,407,205,407.896,204.896
1879,0.986132,406,205,407.47,204.847
1880,0.986005,406,205,406.929,204.808
1881,0.985872,405,205,406.444,204.776
1882,0.985777,405,205,405.831,204.763
1883,0.985331,405,205,405.457,204.75
1884,0.985159,404,205,404.976,204.729
1885,0.984782,404,205,404.403,204.726
1886,0.984655,403,205,403.901,204.723
1887,0.984864,403,205,403.309,204.742
1888,0.98443,403,205,402.94,204.779
1889,0.984179,402,205,402.48,204.774
1890,0.984435,402,205,401.913,204.766
1891,0.983966,402,205,401.604,204.787
1892,0.983899,401,205,401.173,204.809
1893,0.983365,401,205,400.656,204.83
1894,0.983457,400,205,400.211,204.852
1895,0.982846,400,205,399.68,204.882
1896,0.982811,399,205,399.214,204.895
1897,0.982824,399,205,398.647,204.921
1898,0.982542,398,205,398.173,204.938
1899,0.982477,398,205,397.612,204.949
1900,0.982655,398,205,397.302,204.958
1901,0.98256,397,205,396.872,204.957
1902,0.982128,397,205,396.353,204.974
1903,0.981912,396,205,395.925,204.963
1904,0.981949,396,205,395.407,204.992
1905,0.981789,396,205,395.143,204.995
1906,0.981282,395,205,394.761,205.007
1907,0.981615,395,205,394.262,205.001
1908,0.980804,394,205,393.841,205.012
1909,0.980931,394,205,393.329,205.026
1910,0.981233,394,205,393.087,205.027
1911,0.980646,393,205,392.722,205.041
1912,0.980417,393,205,392.235,205.042
1913,0.980203,392,205,391.847,205.05
1914,0.980022,392,205,391.35,205.049
1915,0.980334,391,205,390.937,205.054
1916,0.980123,391,205,390.43,205.049
1917,0.979878,391,205,390.166,205.039
1918,0.979681,390,205,389.789,205.057
1919,0.979608,390,205,389.298,205.053
1920,0.979465,389,205,388.884,205.051
1921,0.979449,389,205,388.382,205.046
1922,0.979014,389,205,388.158,205.05
1923,0.978893,388,205,387.799,205.052
1924,0.978893,387,205,387.153,205.04
1925,0.979006,387,205,386.6,205.029
1926,0.978501,386,205,386.14,205.037
1927,0.978476,386,205,385.565,205.025
1928,0.978566,385,205,385.071,205.018
1929,0.977893,385,205,384.518,205.003
1930,0.977825,384,205,384.05,205
1931,0.978056,384,205,383.485,204.998
1932,0.977881,383,205,383.014,205.001
1933,0.977405,383,205,382.467,204.977
1934,0.977444,383,205,382.158,204.985
1935,0.977282,382,205,381.753,204.981
1936,0.977003,381,205,381.064,204.981
1937,0.977132,381,205,380.494,204.973
1938,0.976515,381,205,380.186,204.985
1939,0.976691,380,205,379.749,204.995
1940,0.976272,379,205,379.073,204.976
1941,0.976665,379,205,378.483,204.973
1942,0.976057,378,205,377.989,204.979
1943,0.975633,377,205,377.238,204.993
1944,0.975372,377,205,376.607,204.986
1945,0.975204,376,205,376.08,204.993
1946,0.974917,376,205,375.465,204.979
1947,0.975061,375,205,374.908,204.964
1948,0.97478,375,205,374.314,204.958
1949,0.974657,374,205,373.785,204.982
1950,0.974014,374,205,373.186,204.972
1951,0.974273,373,205,372.708,204.961
1952,0.973853,372,205,371.952,204.971
1953,0.973852,372,205,371.352,204.979
1954,0.97334,371,205,370.83,204.985
1955,0.972841,370,205,370.066,204.991
1956,0.971976,370,205,369.424,204.999
1957,0.972069,369,205,368.875,205.007
1958,0.971431,368,205,368.072,205.015
1959,0.971791,368,205,367.385,205.014
1960,0.971725,367,205,366.824,205.003
1961,0.971112,366,205,366.005,205.012
1962,0.971239,366,205,365.312,204.998
1963,0.971423,365,205,364.744,204.988
1964,0.971105,365,205,364.091,204.981
1965,0.970499,364,205,363.551,204.985
1966,0.970645,363,205,362.777,204.988
1967,0.970104,363,205,362.103,204.983
1968,0.970196,362,205,361.544,204.969
1969,0.969869,362,205,360.951,204.993
1970,0.96993,361,205,360.448,204.994
1971,0.969768,361,205,359.856,205.007
1972,0.969525,360,205,359.381,204.999
1973,0.969187,360,205,358.819,205.019
1974,0.968742,359,205,358.369,205.004
1975,0.968891,358,205,357.668,205.012
1976,0.968766,357,205,356.87,205.009
1977,0.968315,357,205,356.226,205.002
1978,0.968358,357,205,355.872,204.987
1979,0.968451,356,205,355.412,204.964
1980,0.968144,355,205,354.694,204.991
1981,0.967552,354,206,353.916,205.165
1982,0.967923,354,206,353.249,205.511
1983,0.967843,353,206,352.695,205.636
1984,0.967643,353,206,352.062,205.743
1985,0.967744,352,206,351.53,205.837
1986,0.967485,352,206,350.95,205.919
1987,0.967383,351,206,350.444,205.993
1988,0.967421,351,206,349.879,206.047
1989,0.967042,350,206,349.41,206.078
1990,0.96628,349,206,348.67,206.118
1991,0.966758,349,206,348.051,206.15
1992,0.967153,349,206,347.706,206.186
1993,0.967105,349,206,347.466,206.202
1994,0.966973,350,206,347.458,206.229
1995,0.967069,350,206,347.654,206.233
1996,0.967445,350,206,347.698,206.234
1997,0.967429,350,206,347.779,206.227
1998,0.968016,351,206,348.046,206.218
1999,0.968191,351,206,348.491,206.187
2000,0.968087,351,206,348.745,206.188
